Online?	Archive.org ID	Google Books ID	HathiTrust ID	SLUB ID	Other	Date	Edition	Translator	Author (besides Euclid)	Editor	City
yes	OEXV231RES	d7E2AAAAMAAJ				1482		Campanus			Venice
yes	gri_000033125009354198		gri.ark:/13960/t3vt3074v			1482		Campanus			Venice
not found						1491		Campanus			Vicenza
not found						1498		Georgio Calla Placentino			Venice
not found						1501		Georgio Calla Placentino			Venice
not found						1505		Zamberti			Venice
not found						1506		Campanus		Amb. Lacher	
not found						1507					Paris
yes		-nRPIE3VJd8C				1509		Campanus		Luca Paciuolo	Venice
yes		9mdY8sZcUa4C				1509		Campanus		Luca Paciuolo	Venice
yes		ecJCAAAAcAAJ				1509		Campanus		Luca Paciuolo	Venice
yes		KtcWzA-j3qcC				1509		Campanus		Luca Paciuolo	Venice
yes		Y0tZAAAAcAAJ				1509		Campanus		Luca Paciuolo	Venice
not found						1509					Venice
yes		ckxZAAAAcAAJ				1510					Venice
not found						1511					Paris
not found						1513					Venice
yes		30tZAAAAcAAJ				1516		Campanus,Zamberti			Paris
yes		MhxQAAAAcAAJ				1516		Campanus,Zamberti			Paris
yes		Zxn66SdX4UMC				1516		Campanus,Zamberti			Paris
not found						1516		Rodrigo Zamorano			Seville
not found						1516					Paris
not found						1516					Paris
yes		wR1QAAAAcAAJ				1517					
not found						1521					Paris
not found						1521					Paris
not found						1521					Paris
not found						1521					Florence
not found						1528					Vienna
yes		mN9RAAAAcAAJ				1529					Argentoratum
yes		msbZ-LmwJIcC				1529					Argentoratum
yes				TN_libero_mab214111205		1529					Argentoratum
not found						1529					Sienna
not found						1530					
not found						1531					Paris
not found						1532					Paris
yes				TN_libero_mab214265717		1533				Simon Grynaeus	Basel
not found						1533					Paris
yes		175Y7ym3ricC				1534					Paris
yes		sbw7AAAAcAAJ				1534					Paris
not found						1536					Paris
not found						1536					Wittenberg
not found						1537					Nuremberg
not found						1537					Paris
yes			ucm.5317955077			1537		Campanus,Zamberti			Basel
yes		o8RCAAAAcAAJ				1537		Campanus,Zamberti			Basel
yes				TN_libero_mab214139201		1537		Campanus,Zamberti			Basel
yes		fZZO7y66YWoC				1538					
yes		Od5aAAAAcAAJ				1539					Venice
not found						1539					Basel
not found						1541					Rome
yes		-Z1Jxbdd4ZEC				1543		Niccolò Tartaglia			Venice
not found						1544					Venice
not found						1544					Paris
not found						1545		Petrus Ramus			Paris
yes		CsYA5nFQ2TsC				1545					Rome
not found						1545					Venice
not found						1546		Campanus,Zamberti			Basel
not found						1546					
not found						1548					Florence
not found						1548					Frankfurt
not found						1549		Petrus Ramus			Paris
not found						1549					Leipzig
yes		g0xZAAAAcAAJ				1550					Basel
yes				TN_libero_mab214134275		1550					Basel
yes					http://digital.bib-bvb.de/view/bvbmets/viewer.0.5.jsp?folder_id=0&dvs=1430832852166~484&pid=2795954&locale=en&usePid1=true&usePid2=true#	1550					Paris
yes					http://bvpb.mcu.es/es/catalogo_imagenes/grupo.cmd?posicion=37&path=29498&forma=	1551					Paris
not found						1551					Paris
yes					http://reader.digitale-sammlungen.de/resolve/display/bsb10150717.html	1552					Paris
not found						1553					Venice
not found						1554					Paris
not found						1555		Johann Scheybel			Ausburg
not found						1557					Paris
not found						1557					Argentoratum
not found						1557			Jacques Peletier		Lyon
not found						1557					Basel
not found						1557					Bordeaux
yes			ucm.532247862x			1558					Paris
not found						1558					Basel
not found						1558					
not found						1558					Argentoratum
not found						1559					Lyon
not found						1559					Argentoratum
not found						1560					Padua
not found						1560					Venice
not found						1562					Basel
yes					http://daten.digitale-sammlungen.de/~db/0003/bsb00035129/images/	1564				Conrad Dasypodius	Argentoratum
not found						1564					Cologne
not found						1564		Pierre Forcadel			Paris
not found						1564				Conrad Dasypodius, Christiani Herlini	Argentoratum
not found						1565	2	Niccolò Tartaglia			Venice
not found						1565		Pierre Forcadel			Paris
yes		SsJCAAAAcAAJ				1566					Argentoratum
yes		T8JCAAAAcAAJ				1566					Argentoratum
not found						1566				François de Foix de Candale	Paris
not found						1566					Antwerp
not found						1569		Niccolò Tartaglia			Venice
not found						1569		Pierre Forcadel			Paris
yes		9JJ3Sxt-ReQC				1570				Conrad Dasypodius, Christiani Herlini	Argentoratum
yes		D-JRAAAAcAAJ				1570				Conrad Dasypodius, Christiani Herlini	Argentoratum
yes		b_AegGpLGmwC				1570				Conrad Dasypodius, Christiani Herlini	Argentoratum
yes		sN5RAAAAcAAJ				1570				Conrad Dasypodius, Christiani Herlini	Argentoratum
yes				TN_libero_mab214972756		1570		Henry Billingsley			London
yes		0d5RAAAAcAAJ				1571				Conrad Dasypodius, Christiani Herlini	Argentoratum
yes		ARpaAAAAcAAJ				1571				Conrad Dasypodius, Christiani Herlini	Argentoratum
yes	bub_gb_0d5RAAAAcAAJ					1571				Conrad Dasypodius, Christiani Herlini	Argentoratum
yes		diMQD5N8m4YC				1572		Federico Commandino			Pisa
yes		dr5bgX1oHeEC				1572		Federico Commandino			Pisa
yes		jEoRPuxe_pcC				1572		Federico Commandino			Pisa
yes		r8dCAAAAcAAJ				1572		Federico Commandino			Pisa
yes		GRpaAAAAcAAJ				1573					Paris
not found						1573				Conrad Dasypodius, Christiani Herlini	Argentoratum
yes		8EJr3XLz-5oC				1574				Christophorus Clavius	Rome
yes		9E2xEit4CKkC	ucm.5320234064			1574				Christophorus Clavius	Rome
yes		a5qqC62sUecC				1574				Christophorus Clavius	Rome
yes		cig5ckrejdwC				1574				Christophorus Clavius	Rome
yes		LNHQy3fWWZQC	ucm.5316864701			1574				Christophorus Clavius	Rome
yes		a5qqC62sUecC				1574				Christophorus Clavius	Rome
yes		dUAUWfQ5hlIC				1575			Elie Vinet		Bordeaux
yes		TchCAAAAcAAJ				1575		Federico Commandino			Urbino
not found						1575			Francesco Maurolico		Venice
yes		OC7LiH_uevwC				1576		Rodrigo Zamorano			Seville
yes		zWy8BnTDHHoC				1576		Rodrigo Zamorano			Seville
not found						1576					Paris
yes		7d5RAAAAcAAJ				1577		Joachim Camerarius			Leipzig
yes		vMdCAAAAcAAJ				1578				François de Foix de Candale	Paris
not found						1578					Paris
yes		J8g7AAAAcAAJ				1580					Cologne
not found						1580					Venice
not found						1580					
yes					http://reader.digitale-sammlungen.de/resolve/display/bsb10186762.html	1583			Johannes Thomas Freig		Basel
not found						1585	3	Niccolò Tartaglia			Venice
yes		nMNZAAAAcAAJ				1586		Niccolò Tartaglia			Venice
yes		Q0s8AAAAcAAJ				1586		Niccolò Tartaglia			Venice
yes		FpsyYegr4HEC				1587					Cologne
yes		J-ZRAAAAcAAJ				1587					Cologne
yes		s9U7AAAAcAAJ				1589				Christophorus Clavius	Rome
yes		VCkORLAgANwC				1589				Christophorus Clavius	Rome
yes		XRmo0OXBw9EC				1589				Christophorus Clavius	Rome
yes		4Ks7AAAAcAAJ				1589				Christophorus Clavius	Rome
not found						1590					Basel
yes		AI2St0Hw5A0C				1591				Christophorus Clavius	Cologne
yes		Ux9NAAAAcAAJ				1591				Christophorus Clavius	Cologne
yes		EMBSAAAAcAAJ				1591				Christophorus Clavius	Cologne
not found						1592					Cologne
yes		t8RCAAAAcAAJ				1594		Nasir al-Din al-Tusi			Rome
yes		4Znp5VLJ0qoC				1594		Nasir al-Din al-Tusi			Rome
yes		pEZZAAAAcAAJ				1594		Nasir al-Din al-Tusi			Rome
not found						1597					Cologne
not found						1598					Paris
not found						1598		Jean Errard			Paris
yes		EN9RAAAAcAAJ				1600					Cologne
not found						1602			D.F.F. Candalla		Cologne
yes		Qn313MRciRkC				1603					
yes		SmSobmAZs_EC				1603					
yes		laUanDn1VJsC				1603					
yes		NmfE7SYYyt0C				1603					
yes		dIlXAAAAcAAJ				1605					
yes		nBsTAAAAQAAJ				1605					
yes			mdp.39015063894243			1605					
yes		6ME_AAAAcAAJ				1606					
yes		p9mRmBvWmtwC				1607					
yes		XQ8OAAAAQAAJ				1607					
yes		1FI-AAAAcAAJ				1607					
yes		LnQzz8plzk0C	ucm.5323607496			1607					
yes		PxMOAAAAQAAJ				1607					
yes		nc5ZAAAAcAAJ				1607					
yes		E1k-AAAAcAAJ				1607					
yes		8W4-AAAAcAAJ				1607					
yes		BUg-AAAAcAAJ				1607					
yes	evclidiselement00euclgoog	LdE2AAAAMAAJ	mdp.39015063888773			1607					
yes	evclidiselement00unkngoog	or42AAAAMAAJ	mdp.39015063888765			1607			Christophorus Clavius		Frankfurt am Main
yes			mdp.39015063888781			1607			Christophorus Clavius		Frankfurt am Main
yes		dQ0OAAAAQAAJ				1609					
yes		zEg-AAAAcAAJ				1609					
yes				TN_libero_mab215130706		1609					
yes		6Rhbnf9YksYC				1610	2				
yes		cepZAAAAcAAJ				1610					
yes		aQ1SAAAAcAAJ				1612					
yes		9J7E6fv-YcwC				1612					
						1613	1	Pietro Antonio Cataldi			
yes		kOhZAAAAcAAJ				1615					
yes		-N9RAAAAcAAJ				1617					
yes		OA4OAAAAQAAJ				1617					
yes		dPdYAAAAcAAJ				1617					
yes		s-pZAAAAcAAJ				1618					
yes		kbVAAAAAcAAJ				1618					
yes				TN_libero_mab214038070		1618					
yes		FdVZ2UiwxnkC				1619					
yes		Z1loGbRbHdsC				1620	2	Pietro Antonio Cataldi			
yes		Iz0gkSewMy0C				1620					
yes		6s5ZAAAAcAAJ				1620					
yes		VLEAAAAAcAAJ				1620					
yes				TN_libero_mab214986423		1620					
						1620					
yes		12w-AAAAcAAJ				1621					
yes		PR4TAAAAQAAJ				1621					
						1621		Pietro Antonio Cataldi			
						1621					
yes			ucm.5323776244			1622					
						1625		Pietro Antonio Cataldi			
yes		vns-AAAAcAAJ				1627					
yes				TN_libero_mab214186530		1627					
yes		CUv8JXQtqwYC	ucm.5326661807			1628					
yes		eCyPEUhceHgC				1629					
yes		kXs-AAAAcAAJ				1630					
yes			mdp.39015063894524			1632					
yes		dG0-AAAAcAAJ				1632					
yes		4NKW-vnIhssC	ucm.532662493x			1633					
yes		xXs-AAAAcAAJ				1633					
yes		4LJPcJ6sBcgC				1634					
yes		bHo-AAAAcAAJ				1634					
yes		3Xs-AAAAcAAJ				1636			Christoph Grienberger, Christoph Clavius		Graecii
yes		9GH8RqDkKmsC				1637		Luis Carducho	D. Gaspar de Guzman		Alcalá
yes		qh-Eoptsu1kC				1641			Eliam Astorinum		Siena
yes		cHw-AAAAcAAJ				1642			Henrik Coets		Leiden
yes		q3s-AAAAcAAJ				1644			Pierre Hericone		Paris
yes		K0myw8QFkgwC				1644					
yes	cvrsvsmathemati00euclgoog	krM4AAAAMAAJ				1644					
yes		aA4OAAAAQAAJ				1645			Giovanni Alfonso Borelli		Rome
yes		A24XjKJafAwC				1645					
yes		wmFDAAAAcAAJ				1645					
yes		VW6fNPy37twC				1645					
yes			mdp.39015049415618			1645					
yes	geometriaetheor00euclgoog	q7VJAAAAMAAJ	mdp.39015066977599			1646		Johann Ardüser			Zürich
yes		NSkQw6sAyUoC				1647					Turin
yes			mdp.39015039353290			1647			Jan Pieterse Dou		Utrecht
yes				TN_libero_mab214852484		1650			Christoph Clavius		
yes		dntI0gjyQOYC				1651		Farnese			Bolognia
yes		gHs-AAAAcAAJ				1651		Giovanni Ricci			Bolognia
yes				TN_libero_mab215019507		1651				Thomas Rudd	London
yes		PyPRiwjPSlwC				1654	2		A. P. Georgio Fournier		Paris
yes		JW8-AAAAcAAJ				1654			Christoph Clavius		Frankfurt
yes		QHw-AAAAcAAJ				1654			A. P. Georgio Fournier		London
yes		UW8-AAAAcAAJ				1654			Christoph Clavius		Frankfurt
yes			mdp.39015063888757			1654			Christoph Clavius		Frankfurt
yes				TN_libero_mab215044757		1654			A. P. Georgio Fournier		London
						1654					
yes		2Q0OAAAAQAAJ				1655		Isaac Barrow			Cambridge
yes		Dnw-AAAAcAAJ				1655			Christoph Clavius, Christoph Grienberger		Rome
yes		hag_AAAAcAAJ				1655		Isaac Barrow			Cambridge
yes		WHw-AAAAcAAJ				1655		Isaac Barrow			Cambridge
yes				TN_libero_mab215043723		1655		Isaac Barrow			Cambridge
yes				TN_libero_mab215021313		1655			A. P. Georgio Fournier		Cambridge
yes		xcQTBSK_ofEC				1658			Giovanni Alfonso Borelli		Pisis
yes		wH59yvSiY7IC				1658			Giovanni Alfonso Borelli		Pisis
yes		Knw-AAAAcAAJ				1659		Isaac Barrow			London
yes	euclidiselement00barrgoog	AQ4OAAAAQAAJ				1659		Isaac Barrow			London
yes				TN_libero_mab215022150		1659		Isaac Barrow			London
yes	euclideselement00euclgoog	oTcDAAAAQAAJ				1660		Isaac Barrow			London
yes				TN_libero_mab215050551		1660		Isaac Barrow			London
						1660		Claude François Milliet Dechales, Reeve Williams			
yes				TN_libero_mab215046299		1661					London
yes				TN_libero_mab215006167		1661					London
						1663		Borelli, Domenico Magni			
yes				TN_libero_mab215004801		1666					London
yes		bP3VU0YL4BcC				1671					Milan
yes		ycVZAAAAcAAJ				1673			Christiani Melder		
yes	elementorumsesp00euclgoog	GQ4OAAAAQAAJ				1673			Christiani Melder		
yes	evclidiselement01euclgoog	i6Y2AAAAMAAJ	mdp.39015009245484			1673			Christiani Melder		
yes		EEdZAAAAcAAJ				1674		Vincenzo Viviani			Florence
yes	qvintolibrodegl00torrgoog	WvhJAAAAMAAJ				1674		Vincenzo Viviani			Florence
yes		dkdAAAAAcAAJ				1676		D. Henrion			Rouen
yes		Rm0-AAAAcAAJ				1676		D. Henrion			Rouen
yes		9ns-AAAAcAAJ				1676				Isaac Barrow	Osnabrück
yes		fxpaAAAAcAAJ				1678			Nicolaus Mercator		London
yes		Hqt6VuakZkoC				1678			Nicolaus Mercator		London
yes				TN_libero_mab215004802		1678			Nicolaus Mercator		London
yes		WFk-AAAAcAAJ				1678				Isaac Barrow	London
yes				TN_libero_mab215022149		1678				Isaac Barrow	London
yes		p2VVOn3s5UUC				1679	3		Giovanni Alfonso Borelli		Rome
yes		5XC4CBtGdoYC				1679	3		Giovanni Alfonso Borelli		Rome
yes			ucm.5320258285			1679		Federico Commandino			Naples
yes	evclidesrestitv00euclgoog	aqc2AAAAMAAJ	mdp.39015063889037			1679	3		Giovanni Alfonso Borelli		Rome
yes			mdp.39015009237481			1680		Vitale Giodano			Rome
yes		aTgUAAAAQAAJ				1683		Claude François Milliet Dechales			Lausanne
yes		8bAOguO9hmIC				1684			D. Ioanni Francisco Polo		Bologna
yes		XWA6l2M8lfAC				1684			D. Ioanni Francisco Polo		Bologna
yes	deglielementidi00euclgoog	5Nw2AAAAMAAJ	mdp.39015063872751			1686					Bolognia
yes		ens-AAAAcAAJ				1688			Don Sebastian Fernandez de Medrano		Brussels
yes		F2d_fsz2CZ8C				1689		P. Jacobo Kresa			Brussels
						1690		Vincenzo Viviani			
yes	euclidiselement03euclgoog	S6g2AAAAMAAJ	mdp.39015063889029			1691			Henrik Coets		Leiden
yes			ucm.5323611006			1691			Eliam Astorinum		Siena
yes	euclidiselement04euclgoog	IKk2AAAAMAAJ	mdp.39015063889011			1692			Henrik Coets		Leiden
yes		lD52rgVLiGcC				1693			Hiemyniano Rondelli		Bologna
yes		yK1AAAAAcAAJ				1694		Anton Ernst Burckhard von Pirckenstein			Vienna
yes	teutschredender02euclgoog	n_w2AAAAMAAJ	mdp.39015064319786			1694		Anton Ernst Burckhard von Pirckenstein			Vienna
yes			mdp.39015069279043			1695		Claas Jansz. Vooght			
yes		0q1AAAAAcAAJ				1699		Anton Ernst Burckhard von Pirckenstein			Lübeck,Frankfurt
yes		DLVAAAAAcAAJ				1699		Samuel Reyher			Kiel
yes	teutschredender00euclgoog	MvM2AAAAMAAJ	mdp.39015064319638			1699		Anton Ernst Burckhard von Pirckenstein			Lübeck,Frankfurt
yes	teutschredender03euclgoog	2Pw2AAAAMAAJ				1699		Anton Ernst Burckhard von Pirckenstein			Lübeck,Frankfurt
yes				TN_libero_mab215025435		1700	1		Alingham William		London
yes	elementaeuclide00tacqgoog	fKk2AAAAMAAJ	mdp.39015063889003			1701			André Tacquet		Amsterdam
yes			mdp.39015068409492			1701		Federico Commandino			Oxford
wall				TN_libero_mab214928886		1701		Federico Commandino			Oxford
yes	deseseersteboek00euclgoog	4MI2AAAAMAAJ	mdp.39015063875648			1702		Jacob Coets	Henrik Coets		Amsterdam
yes		tptmOZGF3d4C				1703		Federico Commandino		Davidis Gregorii	Oxford
yes		mJNBAAAAcAAJ				1703		Federico Commandino		Davidis Gregorii	Oxford
yes		rM5CAAAAcAAJ				1703		Federico Commandino		Davidis Gregorii	Oxford
yes	elementageometr00archgoog	9gHKKwQnFngC				1703			André Tacquet	Gulielmus Whiston	Cambridge
wall				TN_libero_mab215298588		1703		Claude François Milliet Dechales, Reeve Williams			
yes		V34-AAAAcAAJ				1705			Henrik Coets		Amsterdam
yes	euclidiselement02euclgoog	NKo2AAAAMAAJ	mdp.39015009245526			1705			Henrik Coets		Amsterdam
wall				TN_libero_mab214874703		1705		Edmund Scarburgh			Oxford
wall				TN_libero_mab214868664		1705		Isaac Barrow			London
wall				TN_libero_mab214936422		1705		André Tacquet			London
yes				TN_libero_mab215050064		1705		André Tacquet			London
wall				TN_libero_mab214908154		1710		André Tacquet			Cambridge
yes	euclideselement00candgoog	2642AAAAMAAJ	mdp.39015063889193			1714		Isaac Barrow			London
yes			njp.32101044597969			1714	3	André Tacquet			London
yes			hvd.hw3pxe			1714		Isaac Barrow			London
wall				TN_libero_mab214876103		1714		Isaac Barrow			London
wall				TN_libero_mab214874680		1714	2		Alingham William		
wall				TN_libero_mab214875931		1714	3	André Tacquet, William Whiston			London
wall				TN_libero_mab214875933		1714	3	André Tacquet, William Whiston			London
yes	elementorumlibr02euclgoog	X8I2AAAAMAAJ	mdp.39015065502968			1715		Federico Commandino			Oxford
yes	elementorumlibr03euclgoog	X8I2AAAAMAAJ	mdp.39015065502968			1715		Federico Commandino			Oxford
wall				TN_libero_mab214875146		1715		Federico Commandino			Oxford
yes		c2P-skYwJGQC				1718					Florence
yes		_hEhmKfb2XgC				1718					Florence
yes	elementa00rondgoog		mdp.39015069255514			1719			Geminiano Rondelli		Bolognia
wall				TN_libero_mab215308179		1719	4	André Tacquet, William Whiston			
yes		YrUUAAAAQAAJ				1720			P. Deschalles, M. Ozanam		Paris
yes	leselemensdeucl00euclgoog	SNg2AAAAMAAJ	mdp.39015020914241			1720			R. P. Déchalles, M. Ozanam		Paris
wall				TN_libero_mab214875928		1720	6	F. Claud. Francis Milliet de Chales			
wall				TN_libero_mab215307481		1722		Isaac Barrow			
wall				TN_libero_mab215308675		1722	3	André Tacquet			Cambridge
yes		4FYLrQ1hJBYC				1723			D. Antonio Joseph		Zaragoza
yes		MXZt1F_7k30C				1723			D. Antonio Joseph		Zaragoza
yes		vXo-AAAAcAAJ				1723		Christian Scheßler			
yes				TN_libero_mab214640557		1723		Christian Scheßler			
yes	euclidiselement00euclgoog	3kd_7k9snUkC				1723		Federico Commandino			Oxford
wall				TN_libero_mab215308774		1723		Federico Commandino			Oxford
yes	euclidselements02keilgoog	Qa42AAAAMAAJ				1723	1	Federico Commandino	John Keill, Samuel Cunn		
wall				TN_libero_mab215307483		1723	1	Federico Commandino	John Keill, Samuel Cunn		
yes	elementaeuclide00mussgoog	28E2AAAAMAAJ	mdp.39015063888906			1725			André Tacquet	Gulielmus Whiston	Amsterdam
wall				TN_libero_mab215293427		1725		Federico Commandino	Samuel Cunn		
yes		J0kVAAAAQAAJ				1726	7	F. Claud. Francis Milliet de Chales			London
yes	sixfirsttogethe00euclgoog	YBdKAAAAMAAJ	mdp.39015069277849			1726			Henry Hill		London
wall				TN_libero_mab215298940		1726			Henry Hill		London
yes	elementseuclide00haligoog	1a02AAAAMAAJ	mdp.39015063888922			1726	7	F. Claud. Francis Milliet de Chales			
yes	elementseuclidw02euclgoog	Yb04AAAAMAAJ	mdp.39015068410839			1727		William Whiston	André Tacquet		
yes			hvd.hw23ff			1728		Isaac Barrow	Edmund Stone		
wall				TN_libero_mab215308191		1728	2	Federico Commandino	John Keill, Samuel Cunn		
yes		VZM-AAAAcAAJ				1730			R. P. Déchalles, M. Ozanam		Paris
yes	leselemensdeucl00dechgoog	utg2AAAAMAAJ	mdp.39015063894540			1730			R. P. Déchalles, M. Ozanam		Paris
yes	elementorumlibr01euclgoog	lsU2AAAAMAAJ	mdp.39015065502976			1731		Federico Commandino			Oxford
						1731				D. Guido Grandi Camaldolese	
yes	euclideselement00archgoog		mdp.39015012364546			1732			Isaac Barrow	Thomas Haselden	
wall				TN_libero_mab214931527		1732			Isaac Barrow	Thomas Haselden	
yes	euclidselements03keilgoog	V682AAAAMAAJ				1733	3	Federico Commandino	John Keill, Samuel Cunn	John Ham	
wall				TN_libero_mab214907617		1733	3	Federico Commandino	John Keill, Samuel Cunn	John Ham	
yes		4m5bAAAAQAAJ				1734					Florence
yes		0G5bAAAAQAAJ				1734			Niccolo Martelli		Florence
yes	elementipianies00euclgoog	J902AAAAMAAJ	mdp.39015063872769			1734			Niccolo Martelli		Florence
yes	elementidimatem00euclgoog	jLI2AAAAMAAJ	mdp.39015063618329			1735			Odoardo Corsini		Florence
yes	euclidiselement01euclgoog	SsE2AAAAMAAJ				1735			Christophori Clavius	Joanne Henrico van Lom.	Amsterdam
yes		b8pqmS4wZ50C				1736					Naples
yes			nyp.33433087574483			1737			André Tacquet		Venice
yes	leselemensdeucl01euclgoog	a9k2AAAAMAAJ	mdp.39015063894193			1738			R. P. Déchalles, M. Ozanam		
yes	euclideselement02euclgoog	8RIOAAAAQAAJ				1738			Christophori Clavius	Joanne Henrico van Lom.	Amsterdam
yes	euclidiselement00unkngoog	mhsTAAAAQAAJ				1738			Christophori Clavius	Joanne Henrico van Lom.	Amsterdam
yes		caU-AAAAcAAJ				1738			Christophori Clavius	Joanne Henrico van Lom.	Amsterdam
yes			mdp.39015063888997			1738			Christophori Clavius	Joanne Henrico van Lom.	Amsterdam
yes		nXk-AAAAcAAJ				1740					Kopenhagen
yes		7Q8OAAAAQAAJ				1740				D. Guido Grandi Camaldolese	Florence
yes		-RVniLoSpzIC				1740				D. Guido Grandi Camaldolese	Florence
yes	bub_gb_QERoe3mrNXIC					1740				D. Guido Grandi Camaldolese	Florence
yes	elementigeometr00euclgoog	i842AAAAMAAJ	mdp.39015009236558			1740				D. Guido Grandi Camaldolese	Florence
yes	deseseersteboek00bordgoog	1902AAAAMAAJ	mdp.39015063872785			1740		Henrik Coets			Leiden
wall				TN_libero_mab214876104		1741	4	Federico Commandino	John Keill, Samuel Cunn		
yes		j3s-AAAAcAAJ				1742				D. Guido Grandi Camaldolese	Venice
yes			nyp.33433087574244			1743					Leipzig
yes		0Hk-AAAAcAAJ				1743					Leipzig
yes	elementorvmevcl00baergoog	yqo2AAAAMAAJ	mdp.39015063888989			1743					Leipzig
yes	teutschredender01euclgoog	gvM2AAAAMAAJ	mdp.39015064319778			1744		Anton Ernst Burckhard von Pirckenstein			Vienna
yes				TN_libero_mab214643083		1744		Anton Ernst Burckhard von Pirckenstein			Vienna
wall				TN_libero_mab215298578		1745	5	Federico Commandino	John Keill, Samuel Cunn		
yes		jxAOAAAAQAAJ				1746			M. Audierne, P. Deschalles, M. Ozanam		Paris
yes			mdp.39015063889045			1746			Niccolai de Martino		Naples
yes	elementorumlibr00euclgoog	jMI2AAAAMAAJ	mdp.39015065502984			1747	5	Federico Commandino			Oxford
wall				TN_libero_mab215300826		1747	5	Federico Commandino			Oxford
wall				TN_libero_mab214875145		1747	6	André Tacquet, William Whiston			
						1749					
yes			mdp.39015063888971			1750			Vito Caravelli		Naples
yes			mdp.39015057044797			1751		Isaac Barrow			
wall				TN_libero_mab215308948		1751		Isaac Barrow			
yes		VzMVAAAAQAAJ				1752		E. Stone		Gregory	
wall				TN_libero_mab215307484		1752		E. Stone		Gregory	
						1752		Leonardo Ximenes			
yes		ZfrwyxZszRIC				1753			Giulio Acceta		Turin
yes			mdp.39015069255522			1753			Giulio Acceta		Turin
yes		WMk_AAAAcAAJ				1753	2		M. Audierne, P. Deschalles, M. Ozanam		Paris
yes		om5bAAAAQAAJ				1753	2		M. Audierne, P. Deschalles, M. Ozanam		Paris
yes		vxAOAAAAQAAJ				1753	2		M. Audierne, P. Deschalles, M. Ozanam		Paris
yes	elementsof53west00eucluoft					1753	8	André Tacquet, William Whiston			Dublin
wall				TN_libero_mab214868982		1753	8	André Tacquet, William Whiston			Dublin
yes	glielementidieu00euclgoog	1ftJAAAAMAAJ				1753			Giulio Acceta		Turin
yes	bub_gb_KlynVzLdFIsC					1753					
yes		jLoyjyWwZ7QC				1756		Federico Commandino		Robert Simson	Glasgow
yes		h7hUAAAAcAAJ				1756		Federico Commandino		Robert Simson	Glasgow
yes		sioVAAAAQAAJ				1756		Federico Commandino		Robert Simson	Glasgow
yes		9zyy5_X8Im4C				1756		Federico Commandino, Robert Simson			Glasgow
yes		IOZWAAAAcAAJ				1756		Federico Commandino, Robert Simson			Glasgow
wall				TN_libero_mab215307482		1756		Federico Commandino, Robert Simson			Glasgow
wall				TN_libero_mab215307441		1756		Federico Commandino, Robert Simson			Glasgow
yes	euclidiselement00ramugoog	G6s2AAAAMAAJ	mdp.39015063888963			1756					Copenhagen
yes	euclidiselemento00eucl					1756		Federico Commandino		Robert Simson	Glasgow
yes			mdp.39015009241483			1756		Federico Commandino		Robert Simson	Glasgow
yes			mdp.39015067102387			1758			Koenig, A. Kuypers		The Hague
wall				TN_libero_mab214876105		1759	8	Federico Commandino	John Keill, Samuel Cunn		
yes		nh4TAAAAQAAJ				1762			Jean-Jacques Blassière, Samuel König		The Hague
yes	elementseuclid00simsgoog	FOE2AAAAMAAJ	mdp.39015063898616			1762	2	Robert Simson			Glasgow
wall				TN_libero_mab215307443		1762	2	Robert Simson			Glasgow
yes	elemensdegeomet00blasgoog	wcBJAAAAMAAJ	mdp.39015067102064			1762			Samuel König, Jean-Jacques Blassière		The Hague
wall				TN_libero_mab215308192		1762	9	Federico Commandino	John Keill, Samuel Cunn		
yes		OOVWAAAAcAAJ				1763			Pieter Warius		Amsterdam
yes	dezeseersteelfd00euclgoog	H8U2AAAAMAAJ	mdp.39015063875366			1763			Pieter Warius		
yes		kT44AAAAMAAJ	mdp.39015068409450			1765	2	E. Stone		Gregory	London
yes	bub_gb_0kKPrQ9gSV8C	0kKPrQ9gSV8C				1767	3		D. Octaviano Cametti		Pisa
yes			mdp.39015069279035			1767		D. Guido Grandi Camaldolese			Florence
yes				TN_libero_mab215726382		1767		Castillon Friedrich			Berlin
wall				TN_libero_mab215300869		1767	3	Robert Simson			
yes	bub_gb_sZCh5_EUKnEC	sZCh5_EUKnEC				1769					Florence
yes		mxsTAAAAQAAJ				1769					Leipzig
yes			mdp.39015063888955			1769					Leipzig
wall				TN_libero_mab214875143		1770				Joseph Fenn	Dublin
yes	bub_gb_uK55QK9rJlYC					1771			S. C. S. J. L.		Rome
yes		IJ_UcKwz6K8C				1772	4		D. Octaviano Cametti		Pisa
yes	euclidselements01keilgoog	va82AAAAMAAJ				1772	11	Federico Commandino	John Keill, Samuel Cunn		
wall				TN_libero_mab215300829		1772	10	André Tacquet			Dublin
wall				TN_libero_mab215308180		1772		Robert Simson			
yes		QqGXRJNq_7oC				1774		Federico Commandino, Robert Simson			Madrid
yes	elementseuclidv02euclgoog	6eM2AAAAMAAJ	mdp.39015063898590			1775	5	Robert Simson			Edinburgh
yes			mdp.39015030915097			1776			George Douglas		
yes	elementseuclidi00douggoog	7Kw2AAAAMAAJ	mdp.39015063888930			1776			George Douglas		
wall				TN_libero_mab214868962		1776			George Douglas		
wall				TN_libero_mab215307442		1776			George Douglas		
yes	leslmensdeuc00eucl					1778			M. Audierne, R. P. Déchalles, M. Ozanam		
yes			mdp.39015063872702			1778			M. Audierne, R. P. Déchalles, M. Ozanam		
yes			hvd.hw3pdr			1781	6	Robert Simson			Edinburgh
yes		zUc-AAAAcAAJ				1781		Johann Friedrich Lorenz			Halle
yes		03o-AAAAcAAJ				1781		Johann Friedrich Lorenz			Halle
yes				TN_SWB-Online376800372		1781		Johann Friedrich Lorenz			Halle
yes				TN_libero_mab214708382		1781		Johann Friedrich Lorenz			Halle
yes	firstsixbooksto00euclgoog	r3QAAAAAMAAJ	nyp.33433069105736			1781	6	Robert Simson			Edinburgh
wall				TN_libero_mab215308181		1781	6	Robert Simson			Edinburgh
yes			umn.31951000084214q			1781			James Williamson		Oxford
yes	elementseuclidv03euclgoog	T982AAAAMAAJ	mdp.39015063897469			1781		Robert Simson			Edinburgh
wall				TN_libero_mab215300816		1781		Robert Simson			Edinburgh
yes	elementseuclidw00willgoog	mXkNAAAAQAAJ				1781			James Williamson		Oxford
yes	elementseuclidw03euclgoog	a6ENAAAAQAAJ				1781			James Williamson		Oxford
wall				TN_libero_mab214875929		1781			James Williamson		Oxford
yes		TyGwevPu0yAC				1782	2	D. Guido Grandi Camaldolese			Florence
yes	bub_gb_TyGwevPu0yAC					1782	2	D. Guido Grandi Camaldolese		Carlo Andreini	Florence
yes	euclidselements00keilgoog	KrA2AAAAMAAJ				1782	12	Federico Commandino	John Keill, Samuel Cunn		
wall				TN_libero_mab214940157		1782			William Scott		
yes		fVgZkGGq6skC				1785		D. Pietro di Martino			Naples
yes		e_d5tY-HDhAC				1785	2				Rome
wall				TN_libero_mab215308182		1787	7	Robert Simson			
wall				TN_libero_mab214875930		1788			James Williamson		London
yes	elementsgeometr02bonngoog	5ncAAAAAMAAJ	nyp.33433069105280			1789			John Bonnycastle		
wall				T. Spilsbury		1789			Thomas Elrington		Dublin
yes	euclideselement01euclgoog	vz04AAAAMAAJ	mdp.39015068409583			1791		Johann Andreas Christian Michelsen			
yes			pst.000008260109			1791	11		André Tacquet		Dublin
wall				TN_libero_mab215308530		1791	8	Robert Simson			
wall				TN_libero_mab215309081		1791			T. James		Coventry
yes	elementigeometr00andrgoog	uKU2AAAAMAAJ	mdp.39015009241434			1792	3	D. Guido Grandi Camaldolese		Carlo Andreini	Florence
wall				TN_libero_mab215308531		1793	9	Robert Simson			
yes	elementsofgeomet1795play					1795			John Playfair		
yes	elementsgeometr00playgoog	9y7JI4_79RMC				1795			John Playfair		
wall				TN_libero_mab215307445		1795			John Playfair		
yes		6no-AAAAcAAJ				1797		Johann Karl Friedrich Hauff			Marburg
yes			mdp.39015063872710			1798		Johann Friedrich Lorenz			Halle
yes				TN_SWB-Online376706619		1798		Johann Friedrich Lorenz			Halle
yes	elementseuclidv00ingrgoog	ibg2AAAAMAAJ				1799		Robert Simson	Alexander Ingram		Edinburgh
wall				TN_libero_mab215307444		1799			Alexander Ingram		
yes	auszugausrobert00mattgoog	i9s2AAAAMAAJ				1799		Johann Andreas Matthias, Robert Simson			
yes		VksYyWfl69YC				1801		D. Pietro di Martino			Naples
yes		XqENAAAAQAAJ				1802		Federico Commandino,Gregory		Gregory, Roffensis Samuel	Oxford
yes	euclidiselement00horsgoog	puBJAAAAMAAJ	mdp.39015069255506			1802		Federico Commandino,Gregory		Gregory, Roffensis Samuel	Oxford
yes	elementsgeometr01bonngoog	b7byMxRjaOQC				1803	3		John Bonnycastle		London
yes	elementsgeometr00bonngoog	ndDKZIQGtVkC				1803	3		John Bonnycastle		London
yes			uva.x002099304			1803	10	Robert Simson			Dublin
yes			nyp.33433069105405			1804		François Peyrard			Paris
yes		O34-AAAAcAAJ				1804		François Peyrard			Paris
yes		eBUOAAAAQAAJ				1804		François Peyrard			Paris
yes	elementseuclida00euclgoog	ec42AAAAMAAJ	mdp.39015063898558			1804	12	Robert Simson			London
yes	leslmenstraduit00euclgoog	XnoAAAAAMAAJ				1804		François Peyrard			Paris
yes			uc1.$b418978			1805	4		Pietro Cossali		
yes		4P4GAAAAcAAJ				1806				D. Guido Grandi Camaldolese	Modena
yes		TW0-AAAAcAAJ				1806		Robert Simson, Mathias Reder		J. H. Joseph Riesert	Paderborn
yes			mdp.39015063898541			1806		Robert Simson			Philadelphia
yes	elementsofeuclid00eucluoft					1806	13	Robert Simson			London
yes	elementsofeuclid00eucl		uc2.ark:/13960/t43r15h9x					Robert Simson			Philadelphia
yes		H3s-AAAAcAAJ				1807		Johann Karl Friedrich Hauff			Marburg
yes		AHs-AAAAcAAJ				1807		Johann Karl Friedrich Hauff			Marburg
yes			nnc1.0035541903			1807		Johann Karl Friedrich Hauff			Marburg
yes		dTRZAAAAcAAJ				1808					
yes		ky0TAAAAQAAJ				1808	4		John Bonnycastle		London
yes			mdp.39015034603590			1809					
yes	euklidselemente01euclgoog	Etw2AAAAMAAJ	mdp.39015063872736			1809	3	Johann Friedrich Lorenz		K. Mollweide	Halle
yes			chi.11036170			1809	2	François Peyrard			
yes	elementseuclidv02simsgoog	23QAAAAAMAAJ	nyp.33433069105421			1810		Robert Simson			
yes			chi.11411991			1811		Robert Simson			
yes	117770572					1811		Robert Simson			
yes		1GpbAAAAQAAJ				1812	3		George Douglas		Edinburgh
yes		eTsIET9bTioC				1814	4		Vincenzo Flauti		Naples
yes		kq1AAAAAcAAJ				1814		François Peyrard			
yes		nwc6QvN0lW8C				1814		Robert Simson		Thomas Keith	
yes	lesoeuvresengrec01eucl					1814		François Peyrard			
yes	lesuvresdeuclide01eucl		uiuo.ark:/13960/t2w37pq4q			1814		François Peyrard			
yes	lesoeuvresdeucli01eucl					1814		François Peyrard			
yes	lesoeuvresengrec02eucl					1814		François Peyrard			
yes	lesuvresdeuclide02eucl					1814		François Peyrard			
yes	lesoeuvresdeucli02eucl					1814		François Peyrard			
yes	lesoeuvresengrec03eucl					1814		François Peyrard			
yes	lesuvresdeuclide03eucl					1814		François Peyrard			
yes			mdp.39015065258843			1814		François Peyrard			
yes	elementseuclidv01euclgoog	KAJ8g5zuFdoC				1814	16	Robert Simson			Weybridge
yes		qK1AAAAAcAAJ				1816		François Peyrard			
yes			mdp.39015065258835			1816		François Peyrard			
yes			uiuo.ark:/13960/t3nv9d822			1816		François Peyrard			
yes		z56hAjiygpMC				1816	17	Robert Simson			Weybridge
yes		vaQ-AAAAcAAJ				1817		Józef Czech			Vilnius
yes		DI0bsb_dJm0C				1818			Vincenzo Flauti		Naples
yes		82hJAAAAcAAJ				1818		François Peyrard			Paris
yes	lesuvresdeuclid00euclgoog	VvFJAAAAMAAJ	mdp.39015065258827			1818		François Peyrard			
yes			uiuo.ark:/13960/t7xk87w8d			1818		François Peyrard			
yes			inu.30000115432571			1818		Johann Friedrich Lorenz			
yes			chi.48683012			1818		Johann Friedrich Lorenz			
yes			nyp.33433062766617			1818		Robert Simson,John Playfair,Claude François Milliet Dechales		John D. Craig	Baltimore
						1818		Vincenzo Flauti			
yes	elementsgeometr03euclgoog	93sAAAAAMAAJ				1819			John Playfair		
yes	elementsgeometr02euclgoog	3YAAAAAAMAAJ				1819			John Playfair		New York
yes	elementsgeometr01playgoog	KykAAAAAYAAJ				1819			John Playfair		New York
						1819	5	Leonardo Ximenes			
yes		-YUdTJ55ezkC				1821					Dublin
yes			hvd.32044055064778			1821				Ernest Ferdinand August	Berlin
yes	elementseuclidv00simsgoog	ZacAAAAAMAAJ	nyp.33433069105918			1821		Robert Simson			Philadelphia
yes			nyp.33433069105439			1822	7				Dublin
yes			nnc1.0035541830			1824				Ioannes Guilelmus Camerer, Carolus Fridericus Hauber	Berlin
yes			nyp.33433069105454			1824				Ioannes Guilelmus Camerer, Carolus Fridericus Hauber	Berlin
yes	euklidselemente00euklgoog	uxgPAAAAIAAJ				1824		Johann Friedrich Lorenz			Halle
yes			uc1.b4249172			1824		Johann Friedrich Lorenz			Halle
yes	euclidiselement00haubgoog	Ap4AAAAAYAAJ	hvd.hxkiiy			1824				Ioannes Guilelmus Camerer, Carolus Fridericus Hauber	Berlin
yes			hvd.hxkiiz			1824				Ioannes Guilelmus Camerer, Carolus Fridericus Hauber	Berlin
yes	euclidiselement02haubgoog	oadJAAAAMAAJ	mdp.39015068058026			1824				Ioannes Guilelmus Camerer, Carolus Fridericus Hauber	Berlin
yes		4WIUAAAAQAAJ				1824				Ioannes Guilelmus Camerer, Carolus Fridericus Hauber	Berlin
yes			uc1.$b419149			1824				Ioannes Guilelmus Camerer, Carolus Fridericus Hauber	Berlin
yes			njp.32101058463462			1824				Ioannes Guilelmus Camerer, Carolus Fridericus Hauber	Berlin
yes	euclidiselement01haubgoog	VJ4AAAAAYAAJ				1825				Ioannes Guilelmus Camerer, Carolus Fridericus Hauber	Berlin
yes			nnc1.0035541849			1825				Ioannes Guilelmus Camerer, Carolus Fridericus Hauber	Berlin
yes			njp.32101058463470			1825				Ioannes Guilelmus Camerer, Carolus Fridericus Hauber	Berlin
yes		OztgiusnDwkC				1825		Abate Fazzini			Naples
yes		wJn6kQuL-y4C				1825		Abate Fazzini			Naples
yes			nyp.33433069105447			1825				Ioannes Guilelmus Camerer, Carolus Fridericus Hauber	Berlin
yes			njp.32101058458512			1825			D. I. G. C. Neide	François Peyrard	Halle
yes			nyp.33433087574376			1825			D. I. G. C. Neide	François Peyrard	Halle
yes			mdp.39015063888948			1825			D. I. G. C. Neide	François Peyrard	Halle
yes		xuBYAAAAcAAJ				1825			D. I. G. C. Neide	François Peyrard	Halle
yes		7Hg-AAAAcAAJ				1825			D. I. G. C. Neide	François Peyrard	Halle
yes		Kns-AAAAcAAJ				1825		Johann Friedrich Lorenz			Halle
yes	elementorumsexl00euclgoog	Jaw2AAAAMAAJ				1825			D. I. G. C. Neide	François Peyrard	Halle
yes	elementagrceetl00euclgoog	ingAAAAAMAAJ				1825		Ioannes Guilelmus Camerer		Ioannes Guilelmus Camerer, Carolus Fridericus Hauber	
yes			inu.30000011423021			1825		Robert Simson			Philadelphia
yes		Ie2z_xzskkMC				1826			Benvenuto Perrone		Naples
yes		G3s-AAAAcAAJ				1826				Ernest Ferdinand August	
yes		HuoDAAAAQAAJ				1826		George Phillips		François Peyrard	London
yes			ien.35556034855312			1826			John Sturgeon Mackay		Toronto
yes			hvd.32044036455731			1826				Ernest Ferdinand August	
yes	elementsgeometr07euclgoog	-kVc3X3C9iYC				1826	7		John Playfair		Edinburgh
yes	elementsofgeomet00play					1826			John Playfair		Philadelphia
yes	elementsgeometr00philgoog	dHX5LCecXekC	hvd.32044024497174			1826		George Phillips	François Peyrard		
yes	elementa00eucl					1826				Ernest Ferdinand August	Berlin
yes		MNh21MTgHB4C				1827	11		Vincenzo Flauti		Naples
yes	elementseuclide00robegoog	GM82AAAAMAAJ	mdp.39015063898533			1827	22	Robert Simson			London
yes			nnc1.0031469698			1827	22	Robert Simson			London
yes			uc1.$b530684			1827		Robert Simson			London
yes			uc2.ark:/13960/t1vd6td6f			1827		Robert Simson			London
yes	firstsixbooksel01lardgoog	hyzf6o6MQvwC	hvd.32044004508636			1828			Dionysius Lardner		London
yes		Qns-AAAAcAAJ				1829				Ernest Ferdinand August	
yes		WG0-AAAAcAAJ				1829			Joh. Jos. Ign. Hoffmann		
yes	diegeometrische00hoffgoog	odw2AAAAMAAJ	mdp.39015063872744			1829			Joh. Jos. Ign. Hoffmann		
yes	elementsofeuclid00euclrich					1829		Robert Simson			London
yes	elementsofeuclid1829eucl					1829		Robert Simson			Philadelphia
yes			mdp.39015063898525			1829		Robert Simson			Philadelphia
yes			nyp.33433069105397			1832			John Playfair		Philadelphia
yes		Chh6ksCQ3dYC				1833			J. Luby		Dublin
yes	elementsgeometr10euclgoog	Qtg2AAAAMAAJ				1833			John Playfair		New York
yes	firstsixbooksel00elrigoog	Mq02AAAAMAAJ	mdp.39015028355132			1833	10			Thomas Elrington	Dublin
yes	elementseuclidv00euclgoog	9ViEZbTGaeEC				1834	24	Robert Simson			London
yes			hvd.hn62gp			1835		Robert Simson			Edinburgh
yes			hvd.hw26iz			1835	4	Robert Simson	Thomas Keith		London
yes			mdp.39015063630738			1835		Robert Simson			Edinburgh
yes			uva.x002630237			1834		Robert Simson			Philadelphia
yes	ofeuclidelements00euclrich					1834		Robert Simson			Philadelphia
yes		uFMEAAAAQAAJ				1837					
yes	elementsgeometr00ryangoog	5rcUAAAAYAAJ	hvd.hn6eyg			1837			John Playfair		New York
yes			mdp.39015074633697			1837	2		James Thomson		Glasgow
yes		ylsEAAAAQAAJ				1838			Robert Simson, Playfair, J. R. Young		London
yes	elementseuclid00euclgoog	P_BJAAAAMAAJ	mdp.39015067252117			1838		Robert Simson			Philadelphia
yes	elementseuclide00euclgoog	5lN1sy51SwYC	hvd.32044020122263			1838		Robert Simson			Philadelphia
yes			nyp.33433087574806			1840	7		Dionysius Lardner		London
yes		E9sDAAAAQAAJ				1840			W. D. Cooley		London
yes		29sDAAAAQAAJ				1840			W. D. Cooley		London
yes	elementseuclidv00robegoog	gapuw0Pf7eUC				1841		Robert Simson	William Rutherford		London
yes		e0GB-MBxXG4C				1842					
yes	elementsgeometr09euclgoog	LlY18fp81JsC				1842		Robert Simson	John Narrien		London
yes		I875_hcnHtIC				1843	3	Abate Fazzini			Naples
yes			hvd.hnyie5			1843	17	Cav. V. Flauti			Naples
yes			njp.32101013826894			1843	8		Dionysius Lardner		London
yes			uc1.$b527768			1844	5	Van Tenac	T. Perronet Thompson		Paris
yes			uc1.$b527777			1845		Robert Simson			
yes		9e4DAAAAQAAJ				1845		Robert Simson			
yes	firstsixandelev00euclgoog	c_UDAAAAQAAJ				1845			James Thomson		
yes	euclidselements01euclgoog	WhMEAAAAQAAJ				1845		Robert Simson	Robert Potts		Cambridge
yes		GCoEAAAAQAAJ				1846		Thomas Elrington			Dublin
yes	elementseuclidp00euclgoog	5CkEAAAAQAAJ				1846		Robert Simson	J. W. Colenso		Cambridge
yes	elementsgeometr05playgoog	xjcPAAAAYAAJ				1846			John Playfair		New York
yes	firstsixbooksofe00eucl					1847			Oliver Byrne		
yes	firstsixbooksofe00byrn					1847			Oliver Byrne		
yes	firstbookeuclid00euclgoog	5-MDAAAAQAAJ				1847			William Trollope		
yes	definitionspost00euclgoog	Ly8EAAAAQAAJ				1848					Cambridge
yes	firstthreebooks00euclgoog	RU8EAAAAQAAJ				1849		Robert Simson	Thomas Tate		London
yes		OUI25E8Ss4wC				1850					
yes	schooleditioneu00prydgoog	rPhE8-ydlloC				1850		Robert Simson	Robert Potts		Cambridge
yes			uc1.31822004731063			1850		Robert Simson	Robert Potts		Cambridge
yes			njp.32101058463256			1850			Joseph A. Galbraith, Samuel Haughton		London
yes			coo.31924005729557			1851			John Playfair		New York
yes	diegeometriedes00ungegoog	_942AAAAMAAJ				1851	2		Ephraim Salomon Unger		
yes	firsttwobooksel00euclgoog	lOYDAAAAQAAJ				1852		Robert Simson	Nicholas Pocock		London
yes	elementseuclidb00euclgoog	TDMDAAAAQAAJ				1852			Jacob Lowres		London
yes		xDADAAAAQAAJ				1853		Robert Simson	Samuel A. Good		London
yes	firstsixbooksel00euclgoog	p-YDAAAAQAAJ				1853					London
yes	cihm_95186		aeu.ark:/13960/t7sn17d02			1853					
yes	elementsgeometr00simsgoog	CIEAAAAAMAAJ	nyp.33433069096307			1853			John Playfair		New York
yes	elementseuclidb02euclgoog	0jEDAAAAQAAJ				1853		Robert Simson	Henry J. Hose		London
yes			hvd.32044019984137			1853			Henry Law		
yes		vK5RAAAAcAAJ				1854		Robert Simson	William Rutherford		London
yes	elementsgeometr00euclgoog	1zADAAAAQAAJ				1855		Robert Simson	Robert Wallace		
yes	elementseuclidw00euclgoog	wzADAAAAQAAJ				1855			Henry Law		
yes			nyp.33433069105389			1855			John Playfair		
yes			hvd.32044097044853			1855			John Playfair		
yes	elementsgeometr01euclgoog	K3wAAAAAMAAJ	nyp.33433069105751			1856			John Playfair		
yes	geometrythreefi00euclgoog	7jADAAAAQAAJ				1856			Hensleigh Wedgwoo		London
yes		_jADAAAAQAAJ				1857			Alexander Ingram		Edinburgh
yes			chi.11689988			1857			John Playfair		
yes	gradationsineuc00euclgoog	GTEDAAAAQAAJ				1858			Henry Green		Manchester
yes		_zADAAAAQAAJ				1859			Joseph A. Galbraith, Samuel Haughton		Dublin
yes			nyp.33433087574681			1859			Joseph A. Galbraith, Samuel Haughton		Dublin
yes	euclidselements00unkngoog	U0wAL7CRlzgC				1859	3		Robert Simson, Robert Potts		Cambridge
yes			hvd.32044097044945			1860			John Playfair		
yes			chi.72764640			1860		Johann Friedrich Lorenz			
yes		AnJW6Z6sk0YC				1860		Johann Friedrich Lorenz			
yes	euclidselements02euclgoog	ygMFAAAAQAAJ				1860			J. Pryde		Edinburgh
yes	euclidsplanegeo00euclgoog	DjQDAAAAQAAJ				1861			Henry Green		
yes			njp.32101058431584			1861		Robert Simson			
yes		R6l9TjE2US4C				1862		Robert Simson			
yes	sixbookseuclid00euclrich		uc2.ark:/13960/t28916976			1862	3	Robert Simson	Robert Potts		London
yes	sixbookseuclid00euclrich		uc1.$b527770			1862	3	Robert Simson	Robert Potts		London
yes	schooleuclidcom01euclgoog	ToFZ8I4dmYkC				1862		Robert Simson	A. K. Isbister		London
yes	schooleuclidcom00euclgoog	mQ84nC3ywdkC				1863		Robert Simson	A. K. Isbister		
yes		XCwFAAAAQAAJ				1863		Robert Simson		William Davis	London
yes	euclidselements00euclgoog	xUSMQTKvzHsC				1864	3	Robert Simson	Robert Potts		
yes	euclidselements03euclgoog	U28DAAAAQAAJ				1864	3	Robert Simson	Robert Potts		
yes	euclidselements04euclgoog	dSgZfZPWT84C				1864	3	Robert Simson	Robert Potts		
yes	schooleditioneu00euclgoog	XDQDAAAAQAAJ				1864	3	Robert Simson	Robert Potts		
yes			hvd.hwsr7f			1865		Brassai Sámuel			Budapest
yes		ojUDAAAAQAAJ				1865					Edinburgh
yes	collegeeuclidco00euclgoog	fzQDAAAAQAAJ				1865		Robert Simson	A. K. Isbister		London
yes			uva.x001908807			1866			John Playfair		
yes	elementseuclidf00blakgoog	-t9_WEqFPHAC	hvd.32044024497166			1866		Robert Simson	R. Blakelock		London
yes	elementsgeometr13euclgoog	iXwAAAAAMAAJ	nyp.33433069105744			1866			John Playfair		
yes			uva.x001426153			1866	3	Robert Simson	Robert Potts		
yes	anepitomefirstt00euclgoog	WNK7uzX-sEsC				1867			H. M. S. Britannia		London
yes		QTcDAAAAQAAJ				1867		Robert Simson		William Rossiter	London
yes	elementseuclidf02todhgoog	ZeUGAAAAYAAJ	hvd.32044080596406			1867			I. Todhunter		Cambridge
yes			hvd.32044097045082			1868			Joseph A. Galbraith, Samuel Haughton		Dublin
yes		9TUDAAAAQAAJ				1871			J. Hamblin Smith		Cambridge
yes	euclidsele71west00eucluoft					1871		Robert Simson	Francis Young		Toronto
yes	cihm_91805		aeu.ark:/13960/t8hd8tj0x			1871		Robert Simson	Francis Young		Toronto
yes	euclidselements00elrigoog	Ta02AAAAMAAJ	mdp.39015016781638			1872		Thomas Elrington			Dublin
yes			njp.32101058431287			1872	2		C.P. Mason		London
yes	firstandsecondb00euclgoog	fjcDAAAAQAAJ				1872	2		C.P. Mason		London
yes	elementsgeometr06euclgoog	GTYDAAAAQAAJ				1872			J. Hamblin Smith		Cambridge
yes	euclidbookvprov00carrgoog	VMI2AAAAMAAJ	mdp.39015051164252			1874			Charles L. Dodgson		Oxford
yes	cihm_59095					1875			I. Todhunter		Cambridge
yes	cihm_92087					1876			Robert Potts		Toronto
yes	elementsgeometr00smitgoog	cTIDAAAAQAAJ				1876	2		J. Hamblin Smith		
yes	elementseuclidw01euclgoog	4DUDAAAAQAAJ				1876	5		Henry Law		London
yes	euclidselementso00eucl					1877	3	Robert Simson	Robert Potts		London
yes	elementsgeometr05euclgoog	NjMDAAAAQAAJ				1878	3		J. Hamblin Smith		London
yes	euclidbooksiiiw00euclgoog	5jUDAAAAQAAJ				1879					London
yes	elementsgeometr04euclgoog	aDQDAAAAQAAJ				1879	4		J. Hamblin Smith		London
yes	euclidforbeginn00euclgoog	3TMDAAAAQAAJ				1880			F. B. Harvey		London
yes	nachalaevklidas00euclgoog	m_1JAAAAMAAJ				1880			Mikhail Egorovich Vashchenko-Zakharchenko		Kiev
yes	elementseuclidf00euclgoog	Q1QSAAAAIAAJ				1882			I. Todhunter		Cambridge
yes	euclidisoperaom06unkngoog	WewXAAAAMAAJ				1886		I. L. Heiberg		I. L. Heiberg,H. Menge	Leipzig
yes	euclidisoperaomn01eucluoft					1883		I. L. Heiberg		I. L. Heiberg,H. Menge	Leipzig
yes	euclidisoperaom02unkngoog					1883		I. L. Heiberg		I. L. Heiberg,H. Menge	Leipzig
yes	euclidisoperaom00unkngoog	1uwXAAAAMAAJ				1885		I. L. Heiberg		I. L. Heiberg,H. Menge	Leipzig
yes	euclidisoperaom16unkngoog	hk3Q7wk23iIC				1883		I. L. Heiberg		I. L. Heiberg,H. Menge	Leipzig
yes	euclidisoperaom07unkngoog	VS0PAAAAIAAJ				1883		I. L. Heiberg		I. L. Heiberg,H. Menge	Leipzig
yes	euclidisoperaom03unkngoog	yIAW-QWO94wC				1883		I. L. Heiberg		I. L. Heiberg,H. Menge	Leipzig
yes	euclidisoperaom10unkngoog	KXAYAAAAMAAJ				1883		I. L. Heiberg		I. L. Heiberg,H. Menge	Leipzig
yes	euclidisoperaom04unkngoog	dSwPAAAAIAAJ				1883		I. L. Heiberg		I. L. Heiberg,H. Menge	Leipzig
yes	euclidisoperaom06marigoog	SLA2AAAAMAAJ				1883		I. L. Heiberg		I. L. Heiberg,H. Menge	Leipzig
yes	euclidisoperaom08unkngoog	L38GhK-xpo4C				1883		I. L. Heiberg		I. L. Heiberg,H. Menge	Leipzig
yes	elementsgeometr01smitgoog	QzYDAAAAQAAJ				1883			J. Hamblin Smith		London
yes	euclidisoperaom11unkngoog	Li0PAAAAIAAJ				1883		I. L. Heiberg		I. L. Heiberg,H. Menge	Leipzig
yes	euclidisoperaom19unkngoog	7OsXAAAAMAAJ				1883		I. L. Heiberg		I. L. Heiberg,H. Menge	Leipzig
yes	euclidisoperaom15unkngoog	6CwPAAAAIAAJ				1883		I. L. Heiberg		I. L. Heiberg,H. Menge	Leipzig
yes	euclidisoperaomn02eucluoft					1883		I. L. Heiberg		I. L. Heiberg,H. Menge	Leipzig
yes	euclidisoperaom17unkngoog	5XM3qEoUKUwC				1883		I. L. Heiberg		I. L. Heiberg,H. Menge	Leipzig
yes	euclidbooksiii00euclrich					1883	2			Charles L. Dodgson	Oxford
yes	euclidisoperaom04marigoog	d7E2AAAAMAAJ				1884		I. L. Heiberg		I. L. Heiberg,H. Menge	Leipzig
yes	anintroductiont00euclgoog	IQQFAAAAQAAJ				1884	2		John Walmsley		London
yes	texteuclidsgeom00euclgoog	0hG7RJGR6p0C				1884			J. Dallin Paul		Cambridge
yes	elementseuclidb00mackgoog	7QMFAAAAQAAJ				1884			John Sturgeon Mackay		Edinburgh
						1885			A. K. Isbister		London
yes	firstsixbooksel00casegoog	2ws3AAAAMAAJ				1885	3		John Casey		Dublin
yes	firstsixbooksel01euclgoog	MwQFAAAAQAAJ				1885	3		John Casey		Dublin
yes	euclidisoperaom05marigoog	IbI2AAAAMAAJ				1885		I. L. Heiberg		I. L. Heiberg,H. Menge	Leipzig
yes	euclidisoperaom03marigoog	IbI2AAAAMAAJ				1885		I. L. Heiberg		I. L. Heiberg,H. Menge	Leipzig
yes	euclidbookwithn00euclgoog	Qh-7Pmz1z74C				1885			Braithwaite Arnett		Cambridge
						1886			Nicodemo Bemporad		Sienna
						1886			R. C. J. Nixon		Oxford
						1886			P. Riccardi		Bologna
						1886			K. E. Broman		Stockholm
						1886		H. Deighton			London
						1886		T. Elrington			Dublin
						1886					Turin
						1886					Stockholm
						1886					London
						1886					London
						1886					London
						1886					
						1886					Turin
yes	cihm_59096					1887			John Sturgeon Mackay		
yes	elementsplanege00teacgoog	IpsBAAAAYAAJ				1888					London,Aylesbury
yes	euclidisoperaom00marigoog	R7M2AAAAMAAJ				1888		I. L. Heiberg		I. L. Heiberg,H. Menge	Leipzig
yes	cihm_95138					1889			H. S. Hall, F. H. Stevens		
yes			nyp.33433087574590			1889				F. H. Stevens	Cambridge
yes	euclidrevisedco00euclgoog	F3kAAAAAMAAJ				1890	2			R. C. J. Nixon	London
yes	textbookofeuclid00euclrich		uc2.ark:/13960/t5fb52710			1891	2		H. S. Hall, F. H. Stevens		London,Bungay
yes	textbookofeuclid00euclrich		uc1.$b527776			1891	2		H. S. Hall, F. H. Stevens		London,Bungay
yes	layngeuclid00euclrich					1891			A. E. Layng		
yes	elementseuclidv01simsgoog	n3kAAAAAMAAJ	nyp.33433069105298			1892	2		H. S. Hall, F. H. Stevens		London,Bungay
yes			njp.32101027157229			1892	2		H. S. Hall, F. H. Stevens		London,Bungay
yes	tayloreuclid00euclrich					1893				H. M. Taylor	Cambridge
yes	codexleidensisi00matagoog	ueBJAAAAMAAJ				1893				R. O. Besthorn, J. L. Heiberg	
yes	textbookofeuclid00eucliala					1893			H. S. Hall, F. H. Stevens		London,Bungay
yes	harpureuclidane00philgoog	PkHP78BglQMC	hvd.32044005536248			1894				Edward M. Langley, W. Seys Phillips	
yes	euklidselemente00euclgoog	x3gAAAAAMAAJ				1897		Thyra Eibe			Hannover
yes	oxyrhynchuspapy05huntgoog	sTUZDNcLYNgC				1898				Bernard P. Grenfell, Arthur S. Hunt	Oxford
yes	euclidrevisedcon00euclrich					1899	3			R. C. J. Nixon	Oxford
yes	glielementideuc00euclgoog	f882AAAAMAAJ				1899	3		Antonio Socci, Giulio Tolomei		Florence
yes	contentsfifthan01euclgoog	UcQYxwHwpPMC				1900			M. J. M. Hill		Cambridge
yes	contentsfifthan00euclgoog	SrDNmm8r8e0C				1900			M. J. M. Hill		Cambridge
yes	faymtownsandthe00milngoog	bEcnAAAAMAAJ				1900				Bernard P. Grenfell, Arthur S. Hunt, David G. Hogarth	Oxford
yes			mdp.39015064572400			1900			H. S. Hall, F. H. Stevens		Glasgow
yes	Jagannatha_Samrat_The_Rekhaganita_VOL_1					1901	1	Samrād Jagannātha, Nasir al-Din al-Tusi		Harilal Harshadarai Dhruva, K. P. Trivedi	Bombay
yes	euclidselementso00euclrich					1901				Charles Smith, Sophie Bryant	Cambridge
yes	rekhgaitaorgeom00dhrugoog	9wZCAAAAIAAJ				1901	1	Samrād Jagannātha, Nasir al-Din al-Tusi		Harilal Harshadarai Dhruva, K. P. Trivedi	Bombay
yes	Jagannatha_Samrat_The_Rekhaganita_VOL_2					1902	1	Samrād Jagannātha, Nasir al-Din al-Tusi		Harilal Harshadarai Dhruva, K. P. Trivedi	Bombay
yes	elementsofeuclid1903eucl					1903			I. Todhunter, S. L. Loney		Glasgow
yes	atextbookeuclid00euclgoog	9WUSAAAAIAAJ				1904			H. S. Hall, F. H. Stevens		Glasgow
yes	thirteenbookseu01heibgoog	xhkPAAAAIAAJ				1908		T. L. Heath			Cambridge
yes	thirteenbookseu03heibgoog	KHMDAAAAYAAJ				1908		T. L. Heath			Cambridge
yes	thirteenbookseu00heibgoog	lxkPAAAAIAAJ				1908		T. L. Heath			Cambridge
yes	contentsfifthan02euclgoog	QPEGAAAAYAAJ				1908	2		M. J. M. Hill		
yes	contentsoffifths00eucliala					1908	2		M. J. M. Hill		
yes	thirteenbookseu02heibgoog	UhgPAAAAIAAJ				1908		T. L. Heath			